<?xml version="1.0" encoding="UTF-8"?>
<project-private xmlns="http://www.netbeans.org/ns/project-private/1">
    <editor-bookmarks xmlns="http://www.netbeans.org/ns/editor-bookmarks/2" lastBookmarkId="0"/>
    <open-files xmlns="http://www.netbeans.org/ns/projectui-open-files/2">
        <group>
            <file>file:/C:/Users/Vivobook/Downloads/Habifit/PBO-Habifit--main/Taskk%20Management%20System/src/taskk/management/system/Habifit.java</file>
            <file>file:/C:/Users/Vivobook/Downloads/Habifit/PBO-Habifit--main/Taskk%20Management%20System/src/taskk/management/system/JHabits.java</file>
            <file>file:/C:/Users/Vivobook/Downloads/Habifit/PBO-Habifit--main/Taskk%20Management%20System/src/taskk/management/system/JGoals.java</file>
            <file>file:/C:/Users/Vivobook/Downloads/Habifit/PBO-Habifit--main/Taskk%20Management%20System/src/taskk/management/system/JTask.java</file>
        </group>
    </open-files>
</project-private>
