<?xml version="1.0" encoding="UTF-8"?>
<project-private xmlns="http://www.netbeans.org/ns/project-private/1">
    <editor-bookmarks xmlns="http://www.netbeans.org/ns/editor-bookmarks/2" lastBookmarkId="0"/>
    <open-files xmlns="http://www.netbeans.org/ns/projectui-open-files/2">
        <group>
            <file>file:/D:/Telkom%20University/semester%205/java/praktikum/Tubes%20tubes/Taskk%20Management%20System/src/taskk/management/system/User.java</file>
            <file>file:/D:/Telkom%20University/semester%205/java/praktikum/Tubes%20tubes/Taskk%20Management%20System/src/taskk/management/system/Habit.java</file>
            <file>file:/D:/Telkom%20University/semester%205/java/praktikum/Tubes%20tubes/Taskk%20Management%20System/src/taskk/management/system/Goal.java</file>
            <file>file:/D:/Telkom%20University/semester%205/java/praktikum/Tubes%20tubes/Taskk%20Management%20System/src/taskk/management/system/TaskkManagementSystem.java</file>
            <file>file:/D:/Telkom%20University/semester%205/java/praktikum/Tubes%20tubes/Taskk%20Management%20System/src/taskk/management/system/Check.java</file>
            <file>file:/D:/Telkom%20University/semester%205/java/praktikum/Tubes%20tubes/Taskk%20Management%20System/src/taskk/management/system/SimpleTask.java</file>
            <file>file:/D:/Telkom%20University/semester%205/java/praktikum/Tubes%20tubes/Taskk%20Management%20System/src/taskk/management/system/Task.java</file>
        </group>
    </open-files>
</project-private>
